work_id,dataset_id,market,trade_date,phase,source_family,schema_family,work_unit,current_gap_download_eligible,evidence_basis,evidence_confidence,calendar_provenance,calendar_confidence,old_manifest_status,old_manifest_rows,old_manifest_sha256_uncompressed,old_manifest_path,raw_cloud_status,action,scope_revision,scope_membership_basis
RAW-W01,TWSE_DAILY_K,TWSE,2026-08-14,HISTORICAL,TWSE_MI_INDEX,TWSE_MI_INDEX_ALLBUT0999,TWSE×TRADE_DATE,True,REPLACE_RECONSTRUCTED_WITH_FORMAL_OFFICIAL_RAW,high,EXISTING_RECONSTRUCTED_MEMBER,high,RECONSTRUCTED,1378,,,MISSING_FORMAL_RAW,DOWNLOAD_OFFICIAL_RAW_TARGETED_CORRECTION,RAW_ADJ9_20260918,EXISTING_RECONSTRUCTED_ONLY
RAW-W01,TWSE_DAILY_K,TWSE,2026-08-17,HISTORICAL,TWSE_MI_INDEX,TWSE_MI_INDEX_ALLBUT0999,TWSE×TRADE_DATE,True,REPLACE_RECONSTRUCTED_WITH_FORMAL_OFFICIAL_RAW,high,EXISTING_RECONSTRUCTED_MEMBER,high,RECONSTRUCTED,1378,,,MISSING_FORMAL_RAW,DOWNLOAD_OFFICIAL_RAW_TARGETED_CORRECTION,RAW_ADJ9_20260918,EXISTING_RECONSTRUCTED_ONLY
RAW-W01,TWSE_DAILY_K,TWSE,2026-08-18,HISTORICAL,TWSE_MI_INDEX,TWSE_MI_INDEX_ALLBUT0999,TWSE×TRADE_DATE,True,REPLACE_RECONSTRUCTED_WITH_FORMAL_OFFICIAL_RAW,high,EXISTING_RECONSTRUCTED_MEMBER,high,RECONSTRUCTED,1378,,,MISSING_FORMAL_RAW,DOWNLOAD_OFFICIAL_RAW_TARGETED_CORRECTION,RAW_ADJ9_20260918,EXISTING_RECONSTRUCTED_ONLY
RAW-W01,TWSE_DAILY_K,TWSE,2026-08-21,HISTORICAL,TWSE_MI_INDEX,TWSE_MI_INDEX_ALLBUT0999,TWSE×TRADE_DATE,True,REPLACE_RECONSTRUCTED_WITH_FORMAL_OFFICIAL_RAW,high,EXISTING_RECONSTRUCTED_MEMBER,high,RECONSTRUCTED,1377,,,MISSING_FORMAL_RAW,DOWNLOAD_OFFICIAL_RAW_TARGETED_CORRECTION,RAW_ADJ9_20260918,EXISTING_RECONSTRUCTED_ONLY
RAW-W01,TWSE_DAILY_K,TWSE,2026-08-25,HISTORICAL,TWSE_MI_INDEX,TWSE_MI_INDEX_ALLBUT0999,TWSE×TRADE_DATE,True,REPLACE_RECONSTRUCTED_WITH_FORMAL_OFFICIAL_RAW,high,EXISTING_RECONSTRUCTED_MEMBER,high,RECONSTRUCTED,1378,,,MISSING_FORMAL_RAW,DOWNLOAD_OFFICIAL_RAW_TARGETED_CORRECTION,RAW_ADJ9_20260918,EXISTING_RECONSTRUCTED_ONLY
RAW-W01,TWSE_DAILY_K,TWSE,2026-08-26,HISTORICAL,TWSE_MI_INDEX,TWSE_MI_INDEX_ALLBUT0999,TWSE×TRADE_DATE,True,REPLACE_RECONSTRUCTED_WITH_FORMAL_OFFICIAL_RAW,high,EXISTING_RECONSTRUCTED_MEMBER,high,RECONSTRUCTED,1378,,,MISSING_FORMAL_RAW,DOWNLOAD_OFFICIAL_RAW_TARGETED_CORRECTION,RAW_ADJ9_20260918,EXISTING_RECONSTRUCTED_ONLY
RAW-W01,TWSE_DAILY_K,TWSE,2026-08-31,HISTORICAL,TWSE_MI_INDEX,TWSE_MI_INDEX_ALLBUT0999,TWSE×TRADE_DATE,True,REPLACE_RECONSTRUCTED_WITH_FORMAL_OFFICIAL_RAW,high,EXISTING_RECONSTRUCTED_MEMBER,high,RECONSTRUCTED,1377,,,MISSING_FORMAL_RAW,DOWNLOAD_OFFICIAL_RAW_TARGETED_CORRECTION,RAW_ADJ9_20260918,EXISTING_RECONSTRUCTED_ONLY
RAW-W01,TWSE_DAILY_K,TWSE,2026-09-01,HISTORICAL,TWSE_MI_INDEX,TWSE_MI_INDEX_ALLBUT0999,TWSE×TRADE_DATE,True,REPLACE_RECONSTRUCTED_WITH_FORMAL_OFFICIAL_RAW,high,EXISTING_RECONSTRUCTED_MEMBER,high,RECONSTRUCTED,1377,,,MISSING_FORMAL_RAW,DOWNLOAD_OFFICIAL_RAW_TARGETED_CORRECTION,RAW_ADJ9_20260918,EXISTING_RECONSTRUCTED_ONLY
RAW-W01,TWSE_DAILY_K,TWSE,2026-09-04,HISTORICAL,TWSE_MI_INDEX,TWSE_MI_INDEX_ALLBUT0999,TWSE×TRADE_DATE,True,REPLACE_RECONSTRUCTED_WITH_FORMAL_OFFICIAL_RAW,high,EXISTING_RECONSTRUCTED_MEMBER,high,RECONSTRUCTED,1380,,,MISSING_FORMAL_RAW,DOWNLOAD_OFFICIAL_RAW_TARGETED_CORRECTION,RAW_ADJ9_20260918,EXISTING_RECONSTRUCTED_ONLY
